severity_points,people_affected,priority_score
20,1,22
20,2,24
20,3,26
20,4,28
20,5,30
20,6,32
20,7,34
20,8,36
20,9,38
20,10,40
20,11,42
20,12,44
20,13,46
20,14,48
20,15,50
20,16,50
20,17,50
20,18,50
20,19,50
20,20,50
20,21,50
20,22,50
20,23,50
20,24,50
20,25,50
20,26,50
20,27,50
20,28,50
20,29,50
20,30,50
20,31,50
20,32,50
20,33,50
20,34,50
20,35,50
20,36,50
20,37,50
20,38,50
20,39,50
20,40,50
20,41,50
20,42,50
20,43,50
20,44,50
20,45,50
20,46,50
20,47,50
20,48,50
20,49,50
20,50,50
50,1,52
50,2,54
50,3,56
50,4,58
50,5,60
50,6,62
50,7,64
50,8,66
50,9,68
50,10,70
50,11,72
50,12,74
50,13,76
50,14,78
50,15,80
50,16,80
50,17,80
50,18,80
50,19,80
50,20,80
50,21,80
50,22,80
50,23,80
50,24,80
50,25,80
50,26,80
50,27,80
50,28,80
50,29,80
50,30,80
50,31,80
50,32,80
50,33,80
50,34,80
50,35,80
50,36,80
50,37,80
50,38,80
50,39,80
50,40,80
50,41,80
50,42,80
50,43,80
50,44,80
50,45,80
50,46,80
50,47,80
50,48,80
50,49,80
50,50,80
75,1,77
75,2,79
75,3,81
75,4,83
75,5,85
75,6,87
75,7,89
75,8,91
75,9,93
75,10,95
75,11,97
75,12,99
75,13,100
75,14,100
75,15,100
75,16,100
75,17,100
75,18,100
75,19,100
75,20,100
75,21,100
75,22,100
75,23,100
75,24,100
75,25,100
75,26,100
75,27,100
75,28,100
75,29,100
75,30,100
75,31,100
75,32,100
75,33,100
75,34,100
75,35,100
75,36,100
75,37,100
75,38,100
75,39,100
75,40,100
75,41,100
75,42,100
75,43,100
75,44,100
75,45,100
75,46,100
75,47,100
75,48,100
75,49,100
75,50,100
100,1,100
100,2,100
100,3,100
100,4,100
100,5,100
100,6,100
100,7,100
100,8,100
100,9,100
100,10,100
100,11,100
100,12,100
100,13,100
100,14,100
100,15,100
100,16,100
100,17,100
100,18,100
100,19,100
100,20,100
100,21,100
100,22,100
100,23,100
100,24,100
100,25,100
100,26,100
100,27,100
100,28,100
100,29,100
100,30,100
100,31,100
100,32,100
100,33,100
100,34,100
100,35,100
100,36,100
100,37,100
100,38,100
100,39,100
100,40,100
100,41,100
100,42,100
100,43,100
100,44,100
100,45,100
100,46,100
100,47,100
100,48,100
100,49,100
100,50,100
